{"Avg_time":6.9485162458275855,"Std_Time":0.8247752111416006,"Users":29,"Date_Time":"2018-07-19T11:35:47.922345415Z","Avg_download_speed":461088.48861689965,"TimeAnalytic":[5.843740449,5.894373534,8.570148982,6.454653852,6.328104676,6.23168605,7.25059029,6.224194107,6.351775789,6.738752618,6.61176675,6.984047916,6.4590407,7.021436785,7.031035007,7.876079742,6.284393635,7.324052556,6.760836326,7.746226943,7.241974395,6.10457609,8.111695584,6.726007499,9.209247737,6.726061323,6.445991667,8.46567589,6.488804237],"DuplBlocks":[0,2,18,5,9,35,31,33,56,84,47,175,92,113,119,89,103,106,163,121,169,82,120,168,123,247,217,176,324]}